{
  "args": {
    "n_random": 100000,
    "grid": false,
    "grid_thickness": 120,
    "grid_n": 80,
    "grid_k": 80,
    "seed": 123,
    "noise_levels": [
      0.0,
      0.001,
      0.005
    ],
    "batch_size": 8192,
    "mc_samples": 50,
    "device": "auto",
    "model_kind": "v5_reliability",
    "model_path": null,
    "norm_path": null,
    "denoiser_path": "denoiser_joint.pt",
    "no_denoiser": false,
    "refine_strategy": "none",
    "max_refine": 5000,
    "refiner_workers": 0,
    "robust_refiner": false,
    "coarse_grid_on_top": 25,
    "gpu_refiner": false,
    "gpu_refiner_steps": 120,
    "gpu_refiner_lr": 0.05,
    "gpu_refiner_chunk_size": 2048,
    "guarded_refiner": false,
    "guarded_prior_lambda": 0.1,
    "guarded_trust_region": [
      40.0,
      0.25,
      0.1
    ],
    "pipeline_label": "denoiser_nn",
    "output_stem": "reliability_matrix_v5_denoiser_nn",
    "top_k_failures": 250,
    "include_probes": false
  },
  "n_samples": 100000,
  "started_at_unix": 1778126654.2158215,
  "noise_results": [
    {
      "noise_std": 0.0,
      "pipeline_label": "denoiser_nn",
      "wall_time_s": 6.746529399999417,
      "nn_time_s": 1.4128357999998116,
      "nn_metrics": {
        "thickness_nm_mae": 10.461468696594238,
        "thickness_nm_p50_abs": 7.058784484863281,
        "thickness_nm_p90_abs": 23.25259780883789,
        "thickness_nm_p99_abs": 56.55020523071289,
        "thickness_nm_r2": 0.9658748360964212,
        "n_mae": 0.14472463726997375,
        "n_p50_abs": 0.06507301330566406,
        "n_p90_abs": 0.4009476900100708,
        "n_p99_abs": 0.9557176828384399,
        "n_r2": 0.4889065910482494,
        "k_mae": 0.031474869698286057,
        "k_p50_abs": 0.01859057880938053,
        "k_p90_abs": 0.07404489815235138,
        "k_p99_abs": 0.21153083443641663,
        "k_r2": 0.8747634209933973,
        "normalized_mae": 0.07320921123027802,
        "overall_r2": 0.7765149493793561
      },
      "nn_flag_rates": {
        "bad_thickness": 0.3669,
        "bad_n": 0.37328,
        "bad_k": 0.18309,
        "catastrophic": 0.21911,
        "high_norm_error": 0.21132,
        "thin_film": 0.1374,
        "very_thin_film": 0.08596,
        "low_fringe": 0.34027,
        "ci_misses_thickness": 0.069,
        "ci_misses_n": 0.12591,
        "ci_misses_k": 0.11429,
        "ci_misses_any": 0.18991,
        "good_spectrum_bad_params": 0.00966
      },
      "nn_risk_summary": {
        "mean": 0.713509202003479,
        "p90": 0.9161846041679382,
        "p99": 0.9375,
        "fraction_over_0p7": 0.53246
      },
      "n_refined": 0,
      "refined_metrics_on_selected": {},
      "refiner_records_summary": {
        "success_rate": null,
        "mean_iterations": null,
        "mean_improvement_pct": null,
        "worsened_param_rate": null,
        "improved_spectral_rate": null
      }
    },
    {
      "noise_std": 0.001,
      "pipeline_label": "denoiser_nn",
      "wall_time_s": 6.185394600001018,
      "nn_time_s": 0.27590930000042135,
      "nn_metrics": {
        "thickness_nm_mae": 10.466031074523926,
        "thickness_nm_p50_abs": 7.0666913986206055,
        "thickness_nm_p90_abs": 23.291030883789062,
        "thickness_nm_p99_abs": 56.60586929321289,
        "thickness_nm_r2": 0.9658532540073314,
        "n_mae": 0.14486905932426453,
        "n_p50_abs": 0.06502282619476318,
        "n_p90_abs": 0.40185433626174927,
        "n_p99_abs": 0.9552963972091675,
        "n_r2": 0.48833416396964147,
        "k_mae": 0.03153940290212631,
        "k_p50_abs": 0.018603667616844177,
        "k_p90_abs": 0.07422544807195663,
        "k_p99_abs": 0.21229828894138336,
        "k_r2": 0.8742000218055972,
        "normalized_mae": 0.07329759001731873,
        "overall_r2": 0.7761291465941899
      },
      "nn_flag_rates": {
        "bad_thickness": 0.36704,
        "bad_n": 0.37371,
        "bad_k": 0.18308,
        "catastrophic": 0.21942,
        "high_norm_error": 0.21156,
        "thin_film": 0.1374,
        "very_thin_film": 0.08596,
        "low_fringe": 0.34027,
        "ci_misses_thickness": 0.06928,
        "ci_misses_n": 0.12625,
        "ci_misses_k": 0.11476,
        "ci_misses_any": 0.1908,
        "good_spectrum_bad_params": 0.00905
      },
      "nn_risk_summary": {
        "mean": 0.7135054469108582,
        "p90": 0.9162365198135376,
        "p99": 0.9375,
        "fraction_over_0p7": 0.53233
      },
      "n_refined": 0,
      "refined_metrics_on_selected": {},
      "refiner_records_summary": {
        "success_rate": null,
        "mean_iterations": null,
        "mean_improvement_pct": null,
        "worsened_param_rate": null,
        "improved_spectral_rate": null
      }
    },
    {
      "noise_std": 0.005,
      "pipeline_label": "denoiser_nn",
      "wall_time_s": 6.359333100001095,
      "nn_time_s": 0.47231770000144024,
      "nn_metrics": {
        "thickness_nm_mae": 10.547337532043457,
        "thickness_nm_p50_abs": 7.127239227294922,
        "thickness_nm_p90_abs": 23.548120498657227,
        "thickness_nm_p99_abs": 56.675418853759766,
        "thickness_nm_r2": 0.9654924421500337,
        "n_mae": 0.1461881846189499,
        "n_p50_abs": 0.06594163179397583,
        "n_p90_abs": 0.40447884798049927,
        "n_p99_abs": 0.957193911075592,
        "n_r2": 0.4816240329867715,
        "k_mae": 0.032433245331048965,
        "k_p50_abs": 0.01903892308473587,
        "k_p90_abs": 0.07672135531902313,
        "k_p99_abs": 0.21841633319854736,
        "k_r2": 0.8655492812359319,
        "normalized_mae": 0.07435337454080582,
        "overall_r2": 0.7708885854575791
      },
      "nn_flag_rates": {
        "bad_thickness": 0.37068,
        "bad_n": 0.3779,
        "bad_k": 0.18722,
        "catastrophic": 0.22394,
        "high_norm_error": 0.21485,
        "thin_film": 0.1374,
        "very_thin_film": 0.08596,
        "low_fringe": 0.34027,
        "ci_misses_thickness": 0.07062,
        "ci_misses_n": 0.12881,
        "ci_misses_k": 0.11942,
        "ci_misses_any": 0.19627,
        "good_spectrum_bad_params": 0.0
      },
      "nn_risk_summary": {
        "mean": 0.7130575776100159,
        "p90": 0.9164202213287354,
        "p99": 0.9375,
        "fraction_over_0p7": 0.53092
      },
      "n_refined": 0,
      "refined_metrics_on_selected": {},
      "refiner_records_summary": {
        "success_rate": null,
        "mean_iterations": null,
        "mean_improvement_pct": null,
        "worsened_param_rate": null,
        "improved_spectral_rate": null
      }
    }
  ],
  "finished_at_unix": 1778126674.301037
}