{
  "args": {
    "n_random": 20000,
    "grid": false,
    "grid_thickness": 120,
    "grid_n": 80,
    "grid_k": 80,
    "seed": 123,
    "noise_levels": [
      0.0,
      0.001
    ],
    "batch_size": 8192,
    "mc_samples": 30,
    "device": "auto",
    "no_denoiser": false,
    "refine_strategy": "catastrophic",
    "max_refine": 1000,
    "refiner_workers": 0,
    "robust_refiner": false,
    "coarse_grid_on_top": 25,
    "output_stem": "smoke_failure_atlas",
    "top_k_failures": 250,
    "include_probes": true
  },
  "n_samples": 20006,
  "started_at_unix": 1777995963.260675,
  "noise_results": [
    {
      "noise_std": 0.0,
      "wall_time_s": 16.161460300000726,
      "nn_time_s": 0.9465200999993613,
      "nn_metrics": {
        "thickness_nm_mae": 6.771042346954346,
        "thickness_nm_p50_abs": 4.2597503662109375,
        "thickness_nm_p90_abs": 14.629234313964844,
        "thickness_nm_p99_abs": 42.93890380859375,
        "thickness_nm_r2": 0.9819512039976205,
        "n_mae": 0.10112351179122925,
        "n_p50_abs": 0.03956198692321777,
        "n_p90_abs": 0.2845405340194702,
        "n_p99_abs": 0.6665791273117065,
        "n_r2": 0.7444239577333549,
        "k_mae": 0.024390989914536476,
        "k_p50_abs": 0.013428010046482086,
        "k_p90_abs": 0.05918361246585846,
        "k_p99_abs": 0.14983628690242767,
        "k_r2": 0.9257865379817565,
        "normalized_mae": 0.05213332921266556,
        "overall_r2": 0.8840538999042439
      },
      "nn_flag_rates": {
        "bad_thickness": 0.19539138258522443,
        "bad_n": 0.3031590522843147,
        "bad_k": 0.13810856742977107,
        "catastrophic": 0.13745876237128862,
        "high_norm_error": 0.14460661801459562,
        "thin_film": 0.1380585824252724,
        "very_thin_film": 0.08382485254423673,
        "low_fringe": 0.34474657602719183,
        "ci_misses_thickness": 0.04943516944916525,
        "ci_misses_n": 0.2536738978306508,
        "ci_misses_k": 0.14185744276716986,
        "ci_misses_any": 0.330850744776567,
        "good_spectrum_bad_params": 0.006847945616315105
      },
      "n_refined": 1000,
      "refined_metrics_on_selected": {
        "thickness_nm_mae": 29.944805145263672,
        "thickness_nm_p50_abs": 23.893285751342773,
        "thickness_nm_p90_abs": 73.12247467041016,
        "thickness_nm_p99_abs": 119.11318969726562,
        "thickness_nm_r2": 0.7270291137677047,
        "n_mae": 0.5764036774635315,
        "n_p50_abs": 0.6336214542388916,
        "n_p90_abs": 0.9936262369155884,
        "n_p99_abs": 1.1567782163619995,
        "n_r2": -1.1008536959769284,
        "k_mae": 0.09173606336116791,
        "k_p50_abs": 0.04590997099876404,
        "k_p90_abs": 0.2639254927635193,
        "k_p99_abs": 0.3719078600406647,
        "k_r2": 0.10622092728300103,
        "normalized_mae": 0.2556888163089752,
        "overall_r2": -0.08920121830874088
      },
      "refiner_records_summary": {
        "success_rate": 0.999,
        "mean_iterations": 23.828,
        "mean_improvement_pct": 99.21935567178777
      }
    },
    {
      "noise_std": 0.001,
      "wall_time_s": 16.131224000000657,
      "nn_time_s": 0.9445235000002867,
      "nn_metrics": {
        "thickness_nm_mae": 6.774227142333984,
        "thickness_nm_p50_abs": 4.262611389160156,
        "thickness_nm_p90_abs": 14.64405632019043,
        "thickness_nm_p99_abs": 43.06395721435547,
        "thickness_nm_r2": 0.9819469512083965,
        "n_mae": 0.10112977027893066,
        "n_p50_abs": 0.03975003957748413,
        "n_p90_abs": 0.28470122814178467,
        "n_p99_abs": 0.6664316058158875,
        "n_r2": 0.7444238815724804,
        "k_mae": 0.024417391046881676,
        "k_p50_abs": 0.013489777222275734,
        "k_p90_abs": 0.059030041098594666,
        "k_p99_abs": 0.1525058001279831,
        "k_r2": 0.9255404328888338,
        "normalized_mae": 0.05215632915496826,
        "overall_r2": 0.8839704218899036
      },
      "nn_flag_rates": {
        "bad_thickness": 0.19529141257622712,
        "bad_n": 0.3039088273517945,
        "bad_k": 0.13790862741177648,
        "catastrophic": 0.1371588523442967,
        "high_norm_error": 0.14550634809557134,
        "thin_film": 0.1380585824252724,
        "very_thin_film": 0.08382485254423673,
        "low_fringe": 0.34474657602719183,
        "ci_misses_thickness": 0.049185244426672,
        "ci_misses_n": 0.2544736579026292,
        "ci_misses_k": 0.1423073078076577,
        "ci_misses_any": 0.33155053483954816,
        "good_spectrum_bad_params": 0.006797960611816455
      },
      "n_refined": 1000,
      "refined_metrics_on_selected": {
        "thickness_nm_mae": 29.943267822265625,
        "thickness_nm_p50_abs": 23.739665985107422,
        "thickness_nm_p90_abs": 72.77335357666016,
        "thickness_nm_p99_abs": 118.95854949951172,
        "thickness_nm_r2": 0.7287634451924585,
        "n_mae": 0.5783592462539673,
        "n_p50_abs": 0.6330479979515076,
        "n_p90_abs": 0.9937974214553833,
        "n_p99_abs": 1.1615604162216187,
        "n_r2": -1.095071621092203,
        "k_mae": 0.0928356796503067,
        "k_p50_abs": 0.04520612955093384,
        "k_p90_abs": 0.2666648328304291,
        "k_p99_abs": 0.37360504269599915,
        "k_r2": 0.10583285363749995,
        "normalized_mae": 0.2569633722305298,
        "overall_r2": -0.08682510742074816
      },
      "refiner_records_summary": {
        "success_rate": 0.999,
        "mean_iterations": 23.555,
        "mean_improvement_pct": 96.76213086009399
      }
    }
  ],
  "finished_at_unix": 1777995995.6588714
}