{
  "args": {
    "n_random": 100000,
    "grid": false,
    "grid_thickness": 120,
    "grid_n": 80,
    "grid_k": 80,
    "seed": 123,
    "noise_levels": [
      0.0,
      0.001,
      0.005
    ],
    "batch_size": 8192,
    "mc_samples": 50,
    "device": "auto",
    "model_kind": "v5_reliability",
    "model_path": null,
    "norm_path": null,
    "denoiser_path": "denoiser_joint.pt",
    "no_denoiser": false,
    "refine_strategy": "catastrophic",
    "max_refine": 5000,
    "refiner_workers": 0,
    "robust_refiner": false,
    "coarse_grid_on_top": 25,
    "gpu_refiner": true,
    "gpu_refiner_steps": 120,
    "gpu_refiner_lr": 0.05,
    "gpu_refiner_chunk_size": 2048,
    "guarded_refiner": true,
    "guarded_prior_lambda": 0.1,
    "guarded_trust_region": [
      40.0,
      0.25,
      0.1
    ],
    "pipeline_label": "denoiser_nn_guarded_refiner",
    "output_stem": "reliability_matrix_v5_denoiser_nn_guarded_refiner",
    "top_k_failures": 250,
    "include_probes": false
  },
  "n_samples": 100000,
  "started_at_unix": 1778126727.9003131,
  "noise_results": [
    {
      "noise_std": 0.0,
      "pipeline_label": "denoiser_nn_guarded_refiner",
      "wall_time_s": 14.17676449999999,
      "nn_time_s": 1.387182100001155,
      "nn_metrics": {
        "thickness_nm_mae": 10.461468696594238,
        "thickness_nm_p50_abs": 7.058784484863281,
        "thickness_nm_p90_abs": 23.25259780883789,
        "thickness_nm_p99_abs": 56.55020523071289,
        "thickness_nm_r2": 0.9658748360964212,
        "n_mae": 0.14472463726997375,
        "n_p50_abs": 0.06507301330566406,
        "n_p90_abs": 0.4009476900100708,
        "n_p99_abs": 0.9557176828384399,
        "n_r2": 0.4889065910482494,
        "k_mae": 0.031474869698286057,
        "k_p50_abs": 0.01859057880938053,
        "k_p90_abs": 0.07404489815235138,
        "k_p99_abs": 0.21153083443641663,
        "k_r2": 0.8747634209933973,
        "normalized_mae": 0.07320921123027802,
        "overall_r2": 0.7765149493793561
      },
      "nn_flag_rates": {
        "bad_thickness": 0.3669,
        "bad_n": 0.37328,
        "bad_k": 0.18309,
        "catastrophic": 0.21911,
        "high_norm_error": 0.21132,
        "thin_film": 0.1374,
        "very_thin_film": 0.08596,
        "low_fringe": 0.34027,
        "ci_misses_thickness": 0.069,
        "ci_misses_n": 0.12591,
        "ci_misses_k": 0.11429,
        "ci_misses_any": 0.18991,
        "good_spectrum_bad_params": 0.00966
      },
      "nn_risk_summary": {
        "mean": 0.713509202003479,
        "p90": 0.9161846041679382,
        "p99": 0.9375,
        "fraction_over_0p7": 0.53246
      },
      "n_refined": 5000,
      "refined_metrics_on_selected": {
        "thickness_nm_mae": 31.206092834472656,
        "thickness_nm_p50_abs": 25.053813934326172,
        "thickness_nm_p90_abs": 60.37140655517578,
        "thickness_nm_p99_abs": 108.26068878173828,
        "thickness_nm_r2": 0.5892447715264248,
        "n_mae": 0.8106610774993896,
        "n_p50_abs": 0.8458997011184692,
        "n_p90_abs": 1.0391714572906494,
        "n_p99_abs": 1.142268180847168,
        "n_r2": -2.138067008576481,
        "k_mae": 0.11443586647510529,
        "k_p50_abs": 0.08315953612327576,
        "k_p90_abs": 0.2648438811302185,
        "k_p99_abs": 0.371825248003006,
        "k_r2": -0.14499337721437988,
        "normalized_mae": 0.3373432755470276,
        "overall_r2": -0.5646052047548119
      },
      "refiner_records_summary": {
        "success_rate": 1.0,
        "mean_iterations": 120.0,
        "mean_improvement_pct": 97.31441290712594,
        "worsened_param_rate": 0.5008,
        "improved_spectral_rate": 0.9986
      }
    },
    {
      "noise_std": 0.001,
      "pipeline_label": "denoiser_nn_guarded_refiner",
      "wall_time_s": 9.102829800000109,
      "nn_time_s": 0.26082510000014736,
      "nn_metrics": {
        "thickness_nm_mae": 10.466031074523926,
        "thickness_nm_p50_abs": 7.0666913986206055,
        "thickness_nm_p90_abs": 23.291030883789062,
        "thickness_nm_p99_abs": 56.60586929321289,
        "thickness_nm_r2": 0.9658532540073314,
        "n_mae": 0.14486905932426453,
        "n_p50_abs": 0.06502282619476318,
        "n_p90_abs": 0.40185433626174927,
        "n_p99_abs": 0.9552963972091675,
        "n_r2": 0.48833416396964147,
        "k_mae": 0.03153940290212631,
        "k_p50_abs": 0.018603667616844177,
        "k_p90_abs": 0.07422544807195663,
        "k_p99_abs": 0.21229828894138336,
        "k_r2": 0.8742000218055972,
        "normalized_mae": 0.07329759001731873,
        "overall_r2": 0.7761291465941899
      },
      "nn_flag_rates": {
        "bad_thickness": 0.36704,
        "bad_n": 0.37371,
        "bad_k": 0.18308,
        "catastrophic": 0.21942,
        "high_norm_error": 0.21156,
        "thin_film": 0.1374,
        "very_thin_film": 0.08596,
        "low_fringe": 0.34027,
        "ci_misses_thickness": 0.06928,
        "ci_misses_n": 0.12625,
        "ci_misses_k": 0.11476,
        "ci_misses_any": 0.1908,
        "good_spectrum_bad_params": 0.00905
      },
      "nn_risk_summary": {
        "mean": 0.7135054469108582,
        "p90": 0.9162365198135376,
        "p99": 0.9375,
        "fraction_over_0p7": 0.53233
      },
      "n_refined": 5000,
      "refined_metrics_on_selected": {
        "thickness_nm_mae": 31.183456420898438,
        "thickness_nm_p50_abs": 24.958236694335938,
        "thickness_nm_p90_abs": 60.27473068237305,
        "thickness_nm_p99_abs": 108.54573822021484,
        "thickness_nm_r2": 0.5880104510736813,
        "n_mae": 0.8106251955032349,
        "n_p50_abs": 0.8454906344413757,
        "n_p90_abs": 1.0394673347473145,
        "n_p99_abs": 1.1417515277862549,
        "n_r2": -2.136660909884396,
        "k_mae": 0.11477470397949219,
        "k_p50_abs": 0.08353208750486374,
        "k_p90_abs": 0.266507625579834,
        "k_p99_abs": 0.3727134168148041,
        "k_r2": -0.15497898063008053,
        "normalized_mae": 0.337533175945282,
        "overall_r2": -0.5678764798135983
      },
      "refiner_records_summary": {
        "success_rate": 1.0,
        "mean_iterations": 120.0,
        "mean_improvement_pct": 94.39899776026726,
        "worsened_param_rate": 0.4988,
        "improved_spectral_rate": 0.9996
      }
    },
    {
      "noise_std": 0.005,
      "pipeline_label": "denoiser_nn_guarded_refiner",
      "wall_time_s": 9.321716999998898,
      "nn_time_s": 0.28641349999998056,
      "nn_metrics": {
        "thickness_nm_mae": 10.547337532043457,
        "thickness_nm_p50_abs": 7.127239227294922,
        "thickness_nm_p90_abs": 23.548120498657227,
        "thickness_nm_p99_abs": 56.675418853759766,
        "thickness_nm_r2": 0.9654924421500337,
        "n_mae": 0.1461881846189499,
        "n_p50_abs": 0.06594163179397583,
        "n_p90_abs": 0.40447884798049927,
        "n_p99_abs": 0.957193911075592,
        "n_r2": 0.4816240329867715,
        "k_mae": 0.032433245331048965,
        "k_p50_abs": 0.01903892308473587,
        "k_p90_abs": 0.07672135531902313,
        "k_p99_abs": 0.21841633319854736,
        "k_r2": 0.8655492812359319,
        "normalized_mae": 0.07435337454080582,
        "overall_r2": 0.7708885854575791
      },
      "nn_flag_rates": {
        "bad_thickness": 0.37068,
        "bad_n": 0.3779,
        "bad_k": 0.18722,
        "catastrophic": 0.22394,
        "high_norm_error": 0.21485,
        "thin_film": 0.1374,
        "very_thin_film": 0.08596,
        "low_fringe": 0.34027,
        "ci_misses_thickness": 0.07062,
        "ci_misses_n": 0.12881,
        "ci_misses_k": 0.11942,
        "ci_misses_any": 0.19627,
        "good_spectrum_bad_params": 0.0
      },
      "nn_risk_summary": {
        "mean": 0.7130575776100159,
        "p90": 0.9164202213287354,
        "p99": 0.9375,
        "fraction_over_0p7": 0.53092
      },
      "n_refined": 5000,
      "refined_metrics_on_selected": {
        "thickness_nm_mae": 31.2088680267334,