{
  "args": {
    "n_random": 100000,
    "grid": false,
    "grid_thickness": 120,
    "grid_n": 80,
    "grid_k": 80,
    "seed": 123,
    "noise_levels": [
      0.0,
      0.001,
      0.005
    ],
    "batch_size": 8192,
    "mc_samples": 50,
    "device": "auto",
    "model_kind": "v6_mdn",
    "model_path": null,
    "norm_path": null,
    "denoiser_path": "denoiser_joint.pt",
    "no_denoiser": false,
    "refine_strategy": "catastrophic",
    "max_refine": 5000,
    "refiner_workers": 0,
    "robust_refiner": false,
    "coarse_grid_on_top": 25,
    "gpu_refiner": true,
    "gpu_refiner_steps": 120,
    "gpu_refiner_lr": 0.05,
    "gpu_refiner_chunk_size": 2048,
    "guarded_refiner": true,
    "guarded_prior_lambda": 0.1,
    "guarded_trust_region": [
      40.0,
      0.25,
      0.1
    ],
    "pipeline_label": "denoiser_nn_guarded_refiner",
    "output_stem": "reliability_matrix_v6_denoiser_nn_guarded_refiner",
    "top_k_failures": 250,
    "include_probes": false
  },
  "n_samples": 100000,
  "started_at_unix": 1778126884.9135525,
  "noise_results": [
    {
      "noise_std": 0.0,
      "pipeline_label": "denoiser_nn_guarded_refiner",
      "wall_time_s": 14.487375000000611,
      "nn_time_s": 1.4770017999999254,
      "nn_metrics": {
        "thickness_nm_mae": 9.372703552246094,
        "thickness_nm_p50_abs": 5.762504577636719,
        "thickness_nm_p90_abs": 20.817142486572266,
        "thickness_nm_p99_abs": 57.90248107910156,
        "thickness_nm_r2": 0.9687899504948407,
        "n_mae": 0.1443345993757248,
        "n_p50_abs": 0.06218522787094116,
        "n_p90_abs": 0.38778752088546753,
        "n_p99_abs": 0.8170958757400513,
        "n_r2": 0.5675821567115753,
        "k_mae": 0.041959039866924286,
        "k_p50_abs": 0.022359296679496765,
        "k_p90_abs": 0.10905071347951889,
        "k_p99_abs": 0.22732307016849518,
        "k_r2": 0.7971951085121549,
        "normalized_mae": 0.07883886247873306,
        "overall_r2": 0.777855738572857
      },
      "nn_flag_rates": {
        "bad_thickness": 0.28914,
        "bad_n": 0.40609,
        "bad_k": 0.28266,
        "catastrophic": 0.26592,
        "high_norm_error": 0.29556,
        "thin_film": 0.1374,
        "very_thin_film": 0.08596,
        "low_fringe": 0.34027,
        "ci_misses_thickness": 0.07066,
        "ci_misses_n": 0.16834,
        "ci_misses_k": 0.19709,
        "ci_misses_any": 0.28891,
        "good_spectrum_bad_params": 0.00098
      },
      "nn_risk_summary": {
        "mean": 0.5034947395324707,
        "p90": 0.7961823344230652,
        "p99": 0.9375,
        "fraction_over_0p7": 0.27016
      },
      "n_refined": 5000,
      "refined_metrics_on_selected": {
        "thickness_nm_mae": 41.43734359741211,
        "thickness_nm_p50_abs": 43.538246154785156,
        "thickness_nm_p90_abs": 71.08406066894531,
        "thickness_nm_p99_abs": 112.18574523925781,
        "thickness_nm_r2": 0.03232417131446641,
        "n_mae": 0.7165000438690186,
        "n_p50_abs": 0.7291005253791809,
        "n_p90_abs": 1.0171661376953125,
        "n_p99_abs": 1.141772985458374,
        "n_r2": -2.0031990625960896,
        "k_mae": 0.1794644147157669,
        "k_p50_abs": 0.17578330636024475,
        "k_p90_abs": 0.3125397861003876,
        "k_p99_abs": 0.4010675251483917,
        "k_r2": -1.577749257525606,
        "normalized_mae": 0.3662998676300049,
        "overall_r2": -1.1828747162690763
      },
      "refiner_records_summary": {
        "success_rate": 1.0,
        "mean_iterations": 120.0,
        "mean_improvement_pct": 96.97406890607488,
        "worsened_param_rate": 0.6962,
        "improved_spectral_rate": 1.0
      }
    },
    {
      "noise_std": 0.001,
      "pipeline_label": "denoiser_nn_guarded_refiner",
      "wall_time_s": 9.27664470000127,
      "nn_time_s": 0.24483189999955357,
      "nn_metrics": {
        "thickness_nm_mae": 9.376551628112793,
        "thickness_nm_p50_abs": 5.7645111083984375,
        "thickness_nm_p90_abs": 20.828115463256836,
        "thickness_nm_p99_abs": 57.83685302734375,
        "thickness_nm_r2": 0.9687680991666833,
        "n_mae": 0.1443849802017212,
        "n_p50_abs": 0.06218439340591431,
        "n_p90_abs": 0.3877621293067932,
        "n_p99_abs": 0.8189669847488403,
        "n_r2": 0.5673166107597576,
        "k_mae": 0.04198167473077774,
        "k_p50_abs": 0.02234813943505287,
        "k_p90_abs": 0.10914718359708786,
        "k_p99_abs": 0.2274530827999115,
        "k_r2": 0.7969491214454532,
        "normalized_mae": 0.07887236028909683,
        "overall_r2": 0.7776779437906315
      },
      "nn_flag_rates": {
        "bad_thickness": 0.28933,
        "bad_n": 0.40641,
        "bad_k": 0.28227,
        "catastrophic": 0.26651,
        "high_norm_error": 0.29606,
        "thin_film": 0.1374,
        "very_thin_film": 0.08596,
        "low_fringe": 0.34027,
        "ci_misses_thickness": 0.07065,
        "ci_misses_n": 0.16872,
        "ci_misses_k": 0.19685,
        "ci_misses_any": 0.28912,
        "good_spectrum_bad_params": 0.0009
      },
      "nn_risk_summary": {
        "mean": 0.5034699440002441,
        "p90": 0.79609614610672,
        "p99": 0.9375,
        "fraction_over_0p7": 0.27014
      },
      "n_refined": 5000,
      "refined_metrics_on_selected": {
        "thickness_nm_mae": 41.468467712402344,
        "thickness_nm_p50_abs": 43.498085021972656,
        "thickness_nm_p90_abs": 71.0621566772461,
        "thickness_nm_p99_abs": 112.1571273803711,
        "thickness_nm_r2": 0.026381196914480043,
        "n_mae": 0.7176743745803833,
        "n_p50_abs": 0.729338526725769,
        "n_p90_abs": 1.0178521871566772,
        "n_p99_abs": 1.142296552658081,
        "n_r2": -2.009977980125652,
        "k_mae": 0.18025346100330353,
        "k_p50_abs": 0.1765138804912567,
        "k_p90_abs": 0.3126091957092285,
        "k_p99_abs": 0.39861735701560974,
        "k_r2": -1.6023930580392882,
        "normalized_mae": 0.36718785762786865,
        "overall_r2": -1.1953299470834866
      },
      "refiner_records_summary": {
        "success_rate": 1.0,
        "mean_iterations": 120.0,
        "mean_improvement_pct": 96.48660514496204,
        "worsened_param_rate": 0.7002,
        "improved_spectral_rate": 1.0
      }
    },
    {
      "noise_std": 0.005,
      "pipeline_label": "denoiser_nn_guarded_refiner",
      "wall_time_s": 9.297576599999957,
      "nn_time_s": 0.28092629999991914,
      "nn_metrics": {
        "thickness_nm_mae": 9.432088851928711,
        "thickness_nm_p50_abs": 5.804805755615234,
        "thickness_nm_p90_abs": 20.908647537231445,
        "thickness_nm_p99_abs": 58.38193130493164,
        "thickness_nm_r2": 0.9684293018995309,
        "n_mae": 0.14498752355575562,
        "n_p50_abs": 0.0627131462097168,
        "n_p90_abs": 0.3900286853313446,
        "n_p99_abs": 0.8205238580703735,
        "n_r2": 0.5640661851010291,
        "k_mae": 0.042390674352645874,
        "k_p50_abs": 0.02280294895172119,
        "k_p90_abs": 0.1102420762181282,
        "k_p99_abs": 0.23041251301765442,
        "k_r2": 0.7926353646927521,
        "normalized_mae": 0.07937624305486679,
        "overall_r2": 0.775043617231104
      },
      "nn_flag_rates": {
        "bad_thickness": 0.29114,
        "bad_n": 0.40716,
        "bad_k": 0.28448,
        "catastrophic": 0.26965,
        "high_norm_error": 0.2972,
        "thin_film": 0.1374,
        "very_thin_film": 0.08596,
        "low_fringe": 0.34027,
        "ci_misses_thickness": 0.07176,
        "ci_misses_n": 0.17194,
        "ci_misses_k": 0.20291,
        "ci_misses_any": 0.29708,
        "good_spectrum_bad_params": 0.0
      },
      "nn_risk_summary": {
        "mean": 0.5033357739448547,
        "p90": 0.7958698868751526,
        "p99": 0.9375,
        "fraction_over_0p7": 0.26826
      },
      "n_refined": 5000,
      "refined_metrics_on_selected": {
        "thickness_nm_mae": 41.7580451965332,