{
  "args": {
    "n_random": 200000,
    "grid": false,
    "grid_thickness": 120,
    "grid_n": 80,
    "grid_k": 80,
    "seed": 123,
    "noise_levels": [
      0.0,
      0.001,
      0.005
    ],
    "batch_size": 8192,
    "mc_samples": 50,
    "device": "auto",
    "no_denoiser": false,
    "refine_strategy": "catastrophic",
    "max_refine": 20000,
    "refiner_workers": 0,
    "robust_refiner": false,
    "coarse_grid_on_top": 25,
    "gpu_refiner": true,
    "gpu_refiner_steps": 80,
    "gpu_refiner_lr": 0.05,
    "gpu_refiner_chunk_size": 2048,
    "output_stem": "refiner_hard_cases_gpu",
    "top_k_failures": 250,
    "include_probes": true
  },
  "n_samples": 200006,
  "started_at_unix": 1778001268.4702654,
  "noise_results": [
    {
      "noise_std": 0.0,
      "wall_time_s": 32.86063579999973,
      "nn_time_s": 12.800894399999379,
      "nn_metrics": {
        "thickness_nm_mae": 6.57014799118042,
        "thickness_nm_p50_abs": 4.135107040405273,
        "thickness_nm_p90_abs": 14.199840545654297,
        "thickness_nm_p99_abs": 42.52849578857422,
        "thickness_nm_r2": 0.9832355981131451,
        "n_mae": 0.09916293621063232,
        "n_p50_abs": 0.03808629512786865,
        "n_p90_abs": 0.2806164622306824,
        "n_p99_abs": 0.6588082313537598,
        "n_r2": 0.75081461745891,
        "k_mae": 0.02395419031381607,
        "k_p50_abs": 0.013164177536964417,
        "k_p90_abs": 0.05797421932220459,
        "k_p99_abs": 0.14760540425777435,
        "k_r2": 0.9281767918153156,
        "normalized_mae": 0.05106661096215248,
        "overall_r2": 0.8874090024624569
      },
      "nn_flag_rates": {
        "bad_thickness": 0.18720938371848844,
        "bad_n": 0.2986610401687949,
        "bad_k": 0.13286601401957943,
        "catastrophic": 0.13597592072237832,
        "high_norm_error": 0.13968080957571272,
        "thin_film": 0.13748587542373727,
        "very_thin_film": 0.08584742457726269,
        "low_fringe": 0.33917982460526186,
        "ci_misses_thickness": 0.04417867463976081,
        "ci_misses_n": 0.23955281341559753,
        "ci_misses_k": 0.13139605811825644,
        "ci_misses_any": 0.31233063008109757,
        "good_spectrum_bad_params": 0.006524804255872324
      },
      "n_refined": 20000,
      "refined_metrics_on_selected": {
        "thickness_nm_mae": 19.865713119506836,
        "thickness_nm_p50_abs": 11.035524368286133,
        "thickness_nm_p90_abs": 49.462127685546875,
        "thickness_nm_p99_abs": 103.44562530517578,
        "thickness_nm_r2": 0.8311349872483358,
        "n_mae": 0.4575965404510498,
        "n_p50_abs": 0.4330063462257385,
        "n_p90_abs": 0.7374669313430786,
        "n_p99_abs": 1.0111078023910522,
        "n_r2": -0.31992612798713305,
        "k_mae": 0.08571232855319977,
        "k_p50_abs": 0.0600275844335556,
        "k_p90_abs": 0.20663106441497803,
        "k_p99_abs": 0.3485254943370819,
        "k_r2": 0.35686762908366076,
        "normalized_mae": 0.20708586275577545,
        "overall_r2": 0.28935882944828784
      },
      "refiner_records_summary": {
        "success_rate": 1.0,
        "mean_iterations": 80.0,
        "mean_improvement_pct": 94.94658441183351
      }
    },
    {
      "noise_std": 0.001,
      "wall_time_s": 29.784788099999787,
      "nn_time_s": 12.412073800000144,
      "nn_metrics": {
        "thickness_nm_mae": 6.5741167068481445,
        "thickness_nm_p50_abs": 4.135576248168945,
        "thickness_nm_p90_abs": 14.204643249511719,
        "thickness_nm_p99_abs": 42.57749938964844,
        "thickness_nm_r2": 0.9832153188546632,
        "n_mae": 0.09922806173563004,
        "n_p50_abs": 0.038133859634399414,
        "n_p90_abs": 0.2806795835494995,
        "n_p99_abs": 0.6582318544387817,
        "n_r2": 0.7506313259769954,
        "k_mae": 0.023994171991944313,
        "k_p50_abs": 0.013182803988456726,
        "k_p90_abs": 0.05811814218759537,
        "k_p99_abs": 0.14744456112384796,
        "k_r2": 0.927912016788507,
        "normalized_mae": 0.05111592262983322,
        "overall_r2": 0.8872528872067219
      },
      "nn_flag_rates": {
        "bad_thickness": 0.18773936781896544,
        "bad_n": 0.2991060268191954,
        "bad_k": 0.1334609961701149,
        "catastrophic": 0.13621591352259432,
        "high_norm_error": 0.13994080177594673,
        "thin_film": 0.13748587542373727,
        "very_thin_film": 0.08584742457726269,
        "low_fringe": 0.33917982460526186,
        "ci_misses_thickness": 0.04412867613971581,
        "ci_misses_n": 0.2397628071157865,
        "ci_misses_k": 0.13211103666889992,
        "ci_misses_any": 0.31290061298161054,
        "good_spectrum_bad_params": 0.006074817755467336
      },
      "n_refined": 20000,
      "refined_metrics_on_selected": {
        "thickness_nm_mae": 19.871803283691406,
        "thickness_nm_p50_abs": 11.040124893188477,
        "thickness_nm_p90_abs": 49.43489456176758,
        "thickness_nm_p99_abs": 103.7547607421875,
        "thickness_nm_r2": 0.8309989874933632,
        "n_mae": 0.45793116092681885,
        "n_p50_abs": 0.4338013529777527,
        "n_p90_abs": 0.7388734817504883,
        "n_p99_abs": 1.0117775201797485,
        "n_r2": -0.32023581870071194,
        "k_mae": 0.08588991314172745,
        "k_p50_abs": 0.06030841916799545,
        "k_p90_abs": 0.20667944848537445,
        "k_p99_abs": 0.34823304414749146,
        "k_r2": 0.3552729962852117,
        "normalized_mae": 0.2073041945695877,
        "overall_r2": 0.288678721692621
      },
      "refiner_records_summary": {
        "success_rate": 1.0,
        "mean_iterations": 80.0,
        "mean_improvement_pct": 92.29642386732348
      }
    },
    {
      "noise_std": 0.005,
      "wall_time_s": 29.942218899999716,
      "nn_time_s": 12.49336570000014,
      "nn_metrics": {
        "thickness_nm_mae": 6.662186622619629,
        "thickness_nm_p50_abs": 4.218971252441406,
        "thickness_nm_p90_abs": 14.373031616210938,
        "thickness_nm_p99_abs": 42.68037796020508,
        "thickness_nm_r2": 0.9829295897056057,
        "n_mae": 0.10041814297437668,
        "n_p50_abs": 0.03906899690628052,
        "n_p90_abs": 0.28332144021987915,
        "n_p99_abs": 0.6636955142021179,
        "n_r2": 0.746780529655998,
        "k_mae": 0.024913940578699112,
        "k_p50_abs": 0.013793110847473145,
        "k_p90_abs": 0.060493022203445435,
        "k_p99_abs": 0.15207044780254364,
        "k_r2": 0.9226682827888729,
        "normalized_mae": 0.05216090753674507,
        "overall_r2": 0.8841261340501588
      },
      "nn_flag_rates": {
        "bad_thickness": 0.19195424137275882,
        "bad_n": 0.30326090217293483,
        "bad_k": 0.1412807615771527,
        "catastrophic": 0.1409857704268872,
        "high_norm_error": 0.14535563933082007,
        "thin_film": 0.13748587542373727,
        "very_thin_film": 0.08584742457726269,
        "low_fringe": 0.33917982460526186,
        "ci_misses_thickness": 0.045318640440786775,
        "ci_misses_n": 0.24297771066867993,
        "ci_misses_k": 0.13832585022449326,
        "ci_misses_any": 0.3180504584862454,
        "good_spectrum_bad_params": 0.0
      },
      "n_refined": 20000,
      "refined_metrics_on_selected": {
        "thickness_nm_mae": 19.881221771240234,
        "thickness_nm_p50_abs": 11.020751953125,
        "thickness_nm_p90_abs": 49.58806610107422,
        "thickness_nm_p99_abs": 103.81983184814453,
        "thickness_nm_r2": 0.8263822793607647,
        "n_mae": 0.45853060483932495,
        "n_p50_abs": 0.435369610786438,
        "n_p90_abs": 0.7425729632377625,
        "n_p99_abs": 1.0148745775222778,
        "n_r2": -0.33330913946720253,
        "k_mae": 0.088654525578022,
        "k_p50_abs": 0.06384740769863129,
        "k_p90_abs": 0.20778506994247437,
        "k_p99_abs": 0.3505626916885376,
        "k_r2": 0.34573388230065005,
        "normalized_mae": 0.20932461321353912,
        "overall_r2": 0.27960234073140405
      },