{
  "components": 5,
  "epochs": 240,
  "best_epoch": 96,
  "best_val_nll": -6.489840060882568,
  "test_nll": -6.500574759674072,
  "top1_mae_thickness_nm": 5.654520511627197,
  "top1_mae_n": 0.07208839058876038,
  "top1_mae_k": 0.015637576580047607,
  "top1_overall_r2": 0.8915791360352783,
  "top1_normalized_mae": 0.036949049681425095,
  "top1_catastrophic_rate": 0.10134,
  "mixture_mean_normalized_mae": 0.03887740150094032,
  "tmm_ranked_component_normalized_mae": 0.06408221274614334,
  "oracle_component_normalized_mae": 0.016044113785028458,
  "oracle_component_hit_rate_normerr_lt_0p05": 0.95272,
  "entropy_mean": 0.6441842317581177,
  "entropy_p90": 1.2028944492340088,
  "entropy_corr_with_top1_norm_error": 0.24369198395600108,
  "entropy_corr_with_mix_norm_error": 0.3466277313858296,
  "entropy_corr_with_tmm_ranked_norm_error": 0.2696752557686408,
  "entropy_corr_with_top1_catastrophic": 0.17031752077970264,
  "train_minutes": 22.454308195908865
}