stage_name,mean_step_ms,std_step_ms,mean_transfer_ms,mean_compute_ms,mean_optimize_ms,samples_per_sec,speedup_vs_baseline,speedup_vs_previous
baseline_v4_like,8.923323599981813,1.738188452835301,0.3814127999903576,3.2497992000171507,5.292111599974305,57482.52812892532,1.0,1.0
change_1_fast_tmm_c64,8.003168800012645,1.7289153763670722,0.4691768000047887,2.876522800012026,4.65746919999583,64180.499742375716,1.1149738088702708,1.1149738088702708
change_2_non_blocking_transfer,8.020786000004591,1.7033092321552832,0.39029279998794664,2.8089031999952567,4.821590000021388,63889.08589938757,1.1125248323514312,0.9978035569092685
change_3_batch_1024,8.382916400056274,1.6144518864817279,0.32323160003943485,2.82489159997931,5.2347932000375295,122415.07619161866,1.0644652975331963,0.9568013823865341
change_4_amp_network,9.718375599979481,1.8563360876458912,0.37248879996695905,3.1542668000220146,6.1916199999905075,105579.48121451217,0.9181908548585686,0.8625841133444125
change_5_compile_model,9.864398399953643,1.7391767566947196,0.4144251999859989,3.4819571999978507,5.9680159999697935,104492.4361015688,0.9045988653523714,0.9851969888021911
optional_riskier_physics_every_2,7.848991200004093,2.4894159095731077,0.5075411999678181,2.720779200022662,4.620670800013613,130854.94600566338,1.1368752203438781,1.256772768448065
