stage_name,mean_step_ms,std_step_ms,mean_transfer_ms,mean_compute_ms,mean_optimize_ms,samples_per_sec,speedup_vs_baseline,speedup_vs_previous
baseline_v4_like,11.762199999793665,0.0,0.6220000000212167,4.3152999996891594,6.824900000083289,43529.271735643124,1.0,1.0
change_1_fast_tmm_c64,9.413400000084948,0.0,0.39790000028006034,2.884300000005169,6.131199999799719,54390.54964150887,1.2495166464494785,1.2495166464494785
change_2_non_blocking_transfer,8.302199999889126,0.0,0.2650999999787018,2.434100000300532,5.602999999609892,61670.4006175276,1.4167570041616375,1.1338440413638147
change_3_batch_1024,10.43230000004769,0.0,0.3311000000394415,4.0807000000313565,6.020499999976892,98156.68644453466,1.1274790793727074,0.7958168380751296
change_4_amp_network,11.02549999995972,0.0,0.44069999967177864,4.241999999976542,6.342800000311399,92875.60654879516,1.0668178313760497,0.9461974513705321
change_5_compile_model,12.12260000011156,0.0,0.29970000014145626,4.083999999693333,7.738900000276772,84470.32814664976,0.9702704040127877,0.9094996122826997
optional_riskier_physics_every_2,6.78429999970831,0.0,0.3193999996256025,2.1083999999973457,4.3565000000853615,150936.7215547701,1.7337381896878645,1.7868608405631783
