{
  "args": {
    "n_random": 20000,
    "grid": false,
    "grid_thickness": 120,
    "grid_n": 80,
    "grid_k": 80,
    "seed": 123,
    "noise_levels": [
      0.0,
      0.001,
      0.005
    ],
    "batch_size": 8192,
    "mc_samples": 50,
    "device": "auto",
    "model_kind": "v4",
    "model_path": null,
    "norm_path": null,
    "denoiser_path": "denoiser_joint.pt",
    "no_denoiser": true,
    "refine_strategy": "catastrophic",
    "max_refine": 1000,
    "refiner_workers": 0,
    "robust_refiner": false,
    "coarse_grid_on_top": 25,
    "gpu_refiner": false,
    "gpu_refiner_steps": 120,
    "gpu_refiner_lr": 0.05,
    "gpu_refiner_chunk_size": 2048,
    "guarded_refiner": true,
    "guarded_prior_lambda": 0.1,
    "guarded_trust_region": [
      40.0,
      0.25,
      0.1
    ],
    "pipeline_label": "default",
    "output_stem": "refiner_guarded_v4",
    "top_k_failures": 250,
    "include_probes": false
  },
  "n_samples": 20000,
  "started_at_unix": 1778128049.0640159,
  "noise_results": [
    {
      "noise_std": 0.0,
      "pipeline_label": "default",
      "wall_time_s": 268.08661949999987,
      "nn_time_s": 1.3781467999997403,
      "nn_metrics": {
        "thickness_nm_mae": 2.7515554428100586,
        "thickness_nm_p50_abs": 1.7939682006835938,
        "thickness_nm_p90_abs": 5.6437087059021,
        "thickness_nm_p99_abs": 17.125587463378906,
        "thickness_nm_r2": 0.9967827760316192,
        "n_mae": 0.04263262450695038,
        "n_p50_abs": 0.011240720748901367,
        "n_p90_abs": 0.12722405791282654,
        "n_p99_abs": 0.43765562772750854,
        "n_r2": 0.9242537079412864,
        "k_mae": 0.005712607409805059,
        "k_p50_abs": 0.0036749839782714844,
        "k_p90_abs": 0.012755250558257103,
        "k_p99_abs": 0.03383425250649452,
        "k_r2": 0.9961344119480015,
        "normalized_mae": 0.01881350949406624,
        "overall_r2": 0.9723902986403025
      },
      "nn_flag_rates": {
        "bad_thickness": 0.03555,
        "bad_n": 0.12295,
        "bad_k": 0.00235,
        "catastrophic": 0.04325,
        "high_norm_error": 0.03325,
        "thin_film": 0.138,
        "very_thin_film": 0.08375,
        "low_fringe": 0.3446,
        "ci_misses_thickness": 0.00725,
        "ci_misses_n": 0.07885,
        "ci_misses_k": 0.00345,
        "ci_misses_any": 0.08115,
        "good_spectrum_bad_params": 0.0046
      },
      "nn_risk_summary": {
        "mean": 0.39832812547683716,
        "p90": 0.5436722636222839,
        "p99": 0.729580819606781,
        "fraction_over_0p7": 0.02085
      },
      "n_refined": 1000,
      "refined_metrics_on_selected": {
        "thickness_nm_mae": 9.888282775878906,
        "thickness_nm_p50_abs": 4.780564308166504,
        "thickness_nm_p90_abs": 22.25349235534668,
        "thickness_nm_p99_abs": 78.97541046142578,
        "thickness_nm_r2": 0.9239128712636141,
        "n_mae": 0.341025710105896,
        "n_p50_abs": 0.33026665449142456,
        "n_p90_abs": 0.5631170868873596,
        "n_p99_abs": 0.8292533159255981,
        "n_r2": 0.16028621721500436,
        "k_mae": 0.019597766920924187,
        "k_p50_abs": 0.015377646312117577,
        "k_p90_abs": 0.04231898486614227,
        "k_p99_abs": 0.06808194518089294,
        "k_r2": 0.9432924229686797,
        "normalized_mae": 0.11916036903858185,
        "overall_r2": 0.675830503815766
      },
      "refiner_records_summary": {
        "success_rate": 1.0,
        "mean_iterations": 24.32,
        "mean_improvement_pct": 97.06999236845655,
        "worsened_param_rate": 0.45,
        "improved_spectral_rate": 1.0
      }
    },
    {
      "noise_std": 0.001,
      "pipeline_label": "default",
      "wall_time_s": 267.1784181999992,
      "nn_time_s": 1.3329495999987557,
      "nn_metrics": {
        "thickness_nm_mae": 3.0565061569213867,
        "thickness_nm_p50_abs": 1.9291763305664062,
        "thickness_nm_p90_abs": 6.319352626800537,
        "thickness_nm_p99_abs": 20.45464515686035,
        "thickness_nm_r2": 0.9959132782417166,
        "n_mae": 0.05126078426837921,
        "n_p50_abs": 0.012961387634277344,
        "n_p90_abs": 0.15332148969173431,
        "n_p99_abs": 0.5168555974960327,
        "n_r2": 0.8916935818057722,
        "k_mae": 0.007952149957418442,
        "k_p50_abs": 0.004366710782051086,
        "k_p90_abs": 0.019020909443497658,
        "k_p99_abs": 0.0531526654958725,
        "k_r2": 0.9902843111454936,
        "normalized_mae": 0.023053763434290886,
        "overall_r2": 0.9592970570643274
      },
      "nn_flag_rates": {
        "bad_thickness": 0.0464,
        "bad_n": 0.14165,
        "bad_k": 0.0117,
        "catastrophic": 0.058,
        "high_norm_error": 0.0498,
        "thin_film": 0.138,
        "very_thin_film": 0.08375,
        "low_fringe": 0.3446,
        "ci_misses_thickness": 0.00915,
        "ci_misses_n": 0.09225,
        "ci_misses_k": 0.01305,
        "ci_misses_any": 0.09755,
        "good_spectrum_bad_params": 0.0062
      },
      "nn_risk_summary": {
        "mean": 0.4009389281272888,
        "p90": 0.5472630262374878,
        "p99": 0.7487104535102844,
        "fraction_over_0p7": 0.02615
      },
      "n_refined": 1000,
      "refined_metrics_on_selected": {
        "thickness_nm_mae": 12.41845417022705,
        "thickness_nm_p50_abs": 6.488389015197754,
        "thickness_nm_p90_abs": 28.886356353759766,
        "thickness_nm_p99_abs": 81.50951385498047,
        "thickness_nm_r2": 0.8900378904103223,
        "n_mae": 0.42133551836013794,
        "n_p50_abs": 0.41123026609420776,
        "n_p90_abs": 0.6858625411987305,
        "n_p99_abs": 0.8878391981124878,
        "n_r2": -0.2757225194530919,
        "k_mae": 0.03269730880856514,
        "k_p50_abs": 0.021871289238333702,
        "k_p90_abs": 0.06741122156381607,
        "k_p99_abs": 0.2007063925266266,
        "k_r2": 0.8410053993373223,
        "normalized_mae": 0.15310993790626526,
        "overall_r2": 0.48510692343151757
      },
      "refiner_records_summary": {
        "success_rate": 0.999,
        "mean_iterations": 23.74,
        "mean_improvement_pct": 89.01873088589119,
        "worsened_param_rate": 0.531,
        "improved_spectral_rate": 0.999
      }
    },
    {
      "noise_std": 0.005,
      "pipeline_label": "default",
      "wall_time_s": 274.9805572999994,
      "nn_time_s": 1.375037699999666,
      "nn_metrics": {
        "thickness_nm_mae": 5.769185543060303,
        "thickness_nm_p50_abs": 3.0152125358581543,
        "thickness_nm_p90_abs": 12.952760696411133,
        "thickness_nm_p99_abs": 48.3393440246582,
        "thickness_nm_r2": 0.9836048282233189,
        "n_mae": 0.10044406354427338,
        "n_p50_abs": 0.025378525257110596,
        "n_p90_abs": 0.31153085827827454,
        "n_p99_abs": 0.8707042932510376,
        "n_r2": 0.6486141496441107,
        "k_mae": 0.023999202996492386,
        "k_p50_abs": 0.008555740118026733,
        "k_p90_abs": 0.06709728389978409,
        "k_p99_abs": 0.20442798733711243,
        "k_r2": 0.8939040803400923,
        "normalized_mae": 0.05053184553980827,
        "overall_r2": 0.8420410194025073
      },
      "nn_flag_rates": {
        "bad_thickness": 0.13865,
        "bad_n": 0.23795,
        "bad_k": 0.13825,
        "catastrophic": 0.1473,
        "high_norm_error": 0.1527,
        "thin_film": 0.138,
        "very_thin_film": 0.08375,
        "low_fringe": 0.3446,
        "ci_misses_thickness": 0.05245,
        "ci_misses_n": 0.18965,
        "ci_misses_k": 0.1414,
        "ci_misses_any": 0.2454,
        "good_spectrum_bad_params": 0.0
      },
      "nn_risk_summary": {
        "mean": 0.4108511805534363,
        "p90": 0.5746365785598755,
        "p99": 0.8072470426559448,
        "fraction_over_0p7": 0.0387
      },
      "n_refined": 1000,
      "refined_metrics_on_selected": {
        "thickness_nm_mae": 30.03002166748047,
        "thickness_nm_p50_abs": 24.695594787597656,
        "thickness_nm_p90_abs": 60.26884841918945,