{
  "args": {
    "n_random": 20000,
    "grid": false,
    "grid_thickness": 120,
    "grid_n": 80,
    "grid_k": 80,
    "seed": 123,
    "noise_levels": [
      0.0,
      0.001,
      0.005
    ],
    "batch_size": 8192,
    "mc_samples": 50,
    "device": "auto",
    "model_kind": "v4",
    "model_path": null,
    "norm_path": null,
    "denoiser_path": "denoiser_joint.pt",
    "no_denoiser": true,
    "refine_strategy": "catastrophic",
    "max_refine": 1000,
    "refiner_workers": 0,
    "robust_refiner": true,
    "coarse_grid_on_top": 25,
    "gpu_refiner": false,
    "gpu_refiner_steps": 120,
    "gpu_refiner_lr": 0.05,
    "gpu_refiner_chunk_size": 2048,
    "guarded_refiner": false,
    "guarded_prior_lambda": 0.1,
    "guarded_trust_region": [
      40.0,
      0.25,
      0.1
    ],
    "pipeline_label": "default",
    "output_stem": "refiner_multistart_v4",
    "top_k_failures": 250,
    "include_probes": false
  },
  "n_samples": 20000,
  "started_at_unix": 1778128878.2739613,
  "noise_results": [
    {
      "noise_std": 0.0,
      "pipeline_label": "default",
      "wall_time_s": 305.3505400999984,
      "nn_time_s": 1.4148853000006056,
      "nn_metrics": {
        "thickness_nm_mae": 2.7515554428100586,
        "thickness_nm_p50_abs": 1.7939682006835938,
        "thickness_nm_p90_abs": 5.6437087059021,
        "thickness_nm_p99_abs": 17.125587463378906,
        "thickness_nm_r2": 0.9967827760316192,
        "n_mae": 0.04263262450695038,
        "n_p50_abs": 0.011240720748901367,
        "n_p90_abs": 0.12722405791282654,
        "n_p99_abs": 0.43765562772750854,
        "n_r2": 0.9242537079412864,
        "k_mae": 0.005712607409805059,
        "k_p50_abs": 0.0036749839782714844,
        "k_p90_abs": 0.012755250558257103,
        "k_p99_abs": 0.03383425250649452,
        "k_r2": 0.9961344119480015,
        "normalized_mae": 0.01881350949406624,
        "overall_r2": 0.9723902986403025
      },
      "nn_flag_rates": {
        "bad_thickness": 0.03555,
        "bad_n": 0.12295,
        "bad_k": 0.00235,
        "catastrophic": 0.04325,
        "high_norm_error": 0.03325,
        "thin_film": 0.138,
        "very_thin_film": 0.08375,
        "low_fringe": 0.3446,
        "ci_misses_thickness": 0.00725,
        "ci_misses_n": 0.07885,
        "ci_misses_k": 0.00345,
        "ci_misses_any": 0.08115,
        "good_spectrum_bad_params": 0.0046
      },
      "nn_risk_summary": {
        "mean": 0.39832812547683716,
        "p90": 0.5436722636222839,
        "p99": 0.729580819606781,
        "fraction_over_0p7": 0.02085
      },
      "n_refined": 1000,
      "refined_metrics_on_selected": {
        "thickness_nm_mae": 0.822494626045227,
        "thickness_nm_p50_abs": 0.001621246337890625,
        "thickness_nm_p90_abs": 2.2064080238342285,
        "thickness_nm_p99_abs": 14.073554039001465,
        "thickness_nm_r2": 0.9980007462585657,
        "n_mae": 0.05939045548439026,
        "n_p50_abs": 5.733966827392578e-05,
        "n_p90_abs": 0.185262531042099,
        "n_p99_abs": 0.9049391746520996,
        "n_r2": 0.8296221927907748,
        "k_mae": 0.0023063267581164837,
        "k_p50_abs": 5.170702934265137e-06,
        "k_p90_abs": 0.007969030179083347,
        "k_p99_abs": 0.030996331945061684,
        "k_r2": 0.9964439215572725,
        "normalized_mae": 0.018980296328663826,
        "overall_r2": 0.9413556202022043
      },
      "refiner_records_summary": {
        "success_rate": 0.999,
        "mean_iterations": 39.786,
        "mean_improvement_pct": 99.99905616791366,
        "worsened_param_rate": 0.054,
        "improved_spectral_rate": 1.0
      }
    },
    {
      "noise_std": 0.001,
      "pipeline_label": "default",
      "wall_time_s": 331.0783045999997,
      "nn_time_s": 1.4067832000000635,
      "nn_metrics": {
        "thickness_nm_mae": 3.0565061569213867,
        "thickness_nm_p50_abs": 1.9291763305664062,
        "thickness_nm_p90_abs": 6.319352626800537,
        "thickness_nm_p99_abs": 20.45464515686035,
        "thickness_nm_r2": 0.9959132782417166,
        "n_mae": 0.05126078426837921,
        "n_p50_abs": 0.012961387634277344,
        "n_p90_abs": 0.15332148969173431,
        "n_p99_abs": 0.5168555974960327,
        "n_r2": 0.8916935818057722,
        "k_mae": 0.007952149957418442,
        "k_p50_abs": 0.004366710782051086,
        "k_p90_abs": 0.019020909443497658,
        "k_p99_abs": 0.0531526654958725,
        "k_r2": 0.9902843111454936,
        "normalized_mae": 0.023053763434290886,
        "overall_r2": 0.9592970570643274
      },
      "nn_flag_rates": {
        "bad_thickness": 0.0464,
        "bad_n": 0.14165,
        "bad_k": 0.0117,
        "catastrophic": 0.058,
        "high_norm_error": 0.0498,
        "thin_film": 0.138,
        "very_thin_film": 0.08375,
        "low_fringe": 0.3446,
        "ci_misses_thickness": 0.00915,
        "ci_misses_n": 0.09225,
        "ci_misses_k": 0.01305,
        "ci_misses_any": 0.09755,
        "good_spectrum_bad_params": 0.0062
      },
      "nn_risk_summary": {
        "mean": 0.4009389281272888,
        "p90": 0.5472630262374878,
        "p99": 0.7487104535102844,
        "fraction_over_0p7": 0.02615
      },
      "n_refined": 1000,
      "refined_metrics_on_selected": {
        "thickness_nm_mae": 9.051947593688965,
        "thickness_nm_p50_abs": 4.061357498168945,
        "thickness_nm_p90_abs": 23.687440872192383,
        "thickness_nm_p99_abs": 59.82796096801758,
        "thickness_nm_r2": 0.9309777471319655,
        "n_mae": 0.3730382025241852,
        "n_p50_abs": 0.2863646149635315,
        "n_p90_abs": 0.9154677987098694,
        "n_p99_abs": 1.133954644203186,
        "n_r2": -0.5970106732912388,
        "k_mae": 0.024609580636024475,
        "k_p50_abs": 0.009238868951797485,
        "k_p90_abs": 0.06875383853912354,
        "k_p99_abs": 0.17146171629428864,
        "k_r2": 0.8832154005717355,
        "normalized_mae": 0.1304326355457306,
        "overall_r2": 0.4057274914708207
      },
      "refiner_records_summary": {
        "success_rate": 0.999,
        "mean_iterations": 45.977,
        "mean_improvement_pct": 98.99603281639601,
        "worsened_param_rate": 0.444,
        "improved_spectral_rate": 0.999
      }
    },
    {
      "noise_std": 0.005,
      "pipeline_label": "default",
      "wall_time_s": 350.2539754999998,
      "nn_time_s": 1.5473712000002706,
      "nn_metrics": {
        "thickness_nm_mae": 5.769185543060303,
        "thickness_nm_p50_abs": 3.0152125358581543,
        "thickness_nm_p90_abs": 12.952760696411133,
        "thickness_nm_p99_abs": 48.3393440246582,
        "thickness_nm_r2": 0.9836048282233189,
        "n_mae": 0.10044406354427338,
        "n_p50_abs": 0.025378525257110596,
        "n_p90_abs": 0.31153085827827454,
        "n_p99_abs": 0.8707042932510376,
        "n_r2": 0.6486141496441107,
        "k_mae": 0.023999202996492386,
        "k_p50_abs": 0.008555740118026733,
        "k_p90_abs": 0.06709728389978409,
        "k_p99_abs": 0.20442798733711243,
        "k_r2": 0.8939040803400923,
        "normalized_mae": 0.05053184553980827,
        "overall_r2": 0.8420410194025073
      },
      "nn_flag_rates": {
        "bad_thickness": 0.13865,
        "bad_n": 0.23795,
        "bad_k": 0.13825,
        "catastrophic": 0.1473,
        "high_norm_error": 0.1527,
        "thin_film": 0.138,
        "very_thin_film": 0.08375,
        "low_fringe": 0.3446,
        "ci_misses_thickness": 0.05245,
        "ci_misses_n": 0.18965,
        "ci_misses_k": 0.1414,
        "ci_misses_any": 0.2454,
        "good_spectrum_bad_params": 0.0
      },
      "nn_risk_summary": {
        "mean": 0.4108511805534363,
        "p90": 0.5746365785598755,
        "p99": 0.8072470426559448,
        "fraction_over_0p7": 0.0387
      },
      "n_refined": 1000,
      "refined_metrics_on_selected": {
        "thickness_nm_mae": 25.616636276245117,
        "thickness_nm_p50_abs": 20.107370376586914,