{
  "args": {
    "n_random": 20000,
    "grid": false,
    "grid_thickness": 120,
    "grid_n": 80,
    "grid_k": 80,
    "seed": 123,
    "noise_levels": [
      0.0,
      0.001,
      0.005
    ],
    "batch_size": 8192,
    "mc_samples": 30,
    "device": "auto",
    "no_denoiser": false,
    "refine_strategy": "catastrophic",
    "max_refine": 1000,
    "refiner_workers": 0,
    "robust_refiner": false,
    "coarse_grid_on_top": 25,
    "gpu_refiner": true,
    "gpu_refiner_steps": 120,
    "gpu_refiner_lr": 0.05,
    "gpu_refiner_chunk_size": 2048,
    "guarded_refiner": true,
    "guarded_prior_lambda": 0.1,
    "guarded_trust_region": [
      40.0,
      0.25,
      0.1
    ],
    "pipeline_label": "denoiser_nn_guarded_refiner",
    "output_stem": "reliability_matrix_smoke_denoiser_nn_guarded_refiner",
    "top_k_failures": 250,
    "include_probes": false
  },
  "n_samples": 20000,
  "started_at_unix": 1778003496.7467563,
  "noise_results": [
    {
      "noise_std": 0.0,
      "pipeline_label": "denoiser_nn_guarded_refiner",
      "wall_time_s": 6.436619800000699,
      "nn_time_s": 0.9680582999990293,
      "nn_metrics": {
        "thickness_nm_mae": 6.771409511566162,
        "thickness_nm_p50_abs": 4.257476806640625,
        "thickness_nm_p90_abs": 14.631675720214844,
        "thickness_nm_p99_abs": 42.942569732666016,
        "thickness_nm_r2": 0.9819466456577476,
        "n_mae": 0.10112675279378891,
        "n_p50_abs": 0.039555907249450684,
        "n_p90_abs": 0.28447702527046204,
        "n_p99_abs": 0.6665850877761841,
        "n_r2": 0.7444320194682787,
        "k_mae": 0.024392034858465195,
        "k_p50_abs": 0.013426929712295532,
        "k_p90_abs": 0.05919726565480232,
        "k_p99_abs": 0.14985455572605133,
        "k_r2": 0.9257905123751468,
        "normalized_mae": 0.05213535204529762,
        "overall_r2": 0.884056392500391
      },
      "nn_flag_rates": {
        "bad_thickness": 0.19545,
        "bad_n": 0.3032,
        "bad_k": 0.13815,
        "catastrophic": 0.13745,
        "high_norm_error": 0.1446,
        "thin_film": 0.138,
        "very_thin_film": 0.08375,
        "low_fringe": 0.3446,
        "ci_misses_thickness": 0.04945,
        "ci_misses_n": 0.2537,
        "ci_misses_k": 0.1419,
        "ci_misses_any": 0.3309,
        "good_spectrum_bad_params": 0.0068
      },
      "nn_risk_summary": {
        "mean": 0.43355438113212585,
        "p90": 0.6622268557548523,
        "p99": 0.8450010418891907,
        "fraction_over_0p7": 0.0744
      },
      "n_refined": 1000,
      "refined_metrics_on_selected": {
        "thickness_nm_mae": 29.907962799072266,
        "thickness_nm_p50_abs": 23.490694046020508,
        "thickness_nm_p90_abs": 71.91714477539062,
        "thickness_nm_p99_abs": 117.8426742553711,
        "thickness_nm_r2": 0.7380996816715226,
        "n_mae": 0.6083033084869385,
        "n_p50_abs": 0.5988226532936096,
        "n_p90_abs": 0.8743579387664795,
        "n_p99_abs": 1.073191523551941,
        "n_r2": -0.9167172750709649,
        "k_mae": 0.11427219957113266,
        "k_p50_abs": 0.07811886072158813,
        "k_p90_abs": 0.2652541697025299,
        "k_p99_abs": 0.3732207119464874,
        "k_r2": -0.0456510976563389,
        "normalized_mae": 0.2795315682888031,
        "overall_r2": -0.07475623035192706
      },
      "refiner_records_summary": {
        "success_rate": 1.0,
        "mean_iterations": 120.0,
        "mean_improvement_pct": 97.6585927717504,
        "worsened_param_rate": 0.696,
        "improved_spectral_rate": 0.999
      }
    },
    {
      "noise_std": 0.001,
      "pipeline_label": "denoiser_nn_guarded_refiner",
      "wall_time_s": 2.559090400000059,
      "nn_time_s": 0.7332114000000729,
      "nn_metrics": {
        "thickness_nm_mae": 6.774572849273682,
        "thickness_nm_p50_abs": 4.262443542480469,
        "thickness_nm_p90_abs": 14.645352363586426,
        "thickness_nm_p99_abs": 43.06475067138672,
        "thickness_nm_r2": 0.9819424130330705,
        "n_mae": 0.10113238543272018,
        "n_p50_abs": 0.03972887992858887,
        "n_p90_abs": 0.2846158742904663,
        "n_p99_abs": 0.6664611101150513,
        "n_r2": 0.7444321210348415,
        "k_mae": 0.024418607354164124,
        "k_p50_abs": 0.013489067554473877,
        "k_p90_abs": 0.05904288589954376,
        "k_p99_abs": 0.1525435447692871,
        "k_r2": 0.9255437771417984,
        "normalized_mae": 0.05215826258063316,
        "overall_r2": 0.8839727704032367
      },
      "nn_flag_rates": {
        "bad_thickness": 0.19535,
        "bad_n": 0.30395,
        "bad_k": 0.13795,
        "catastrophic": 0.13715,
        "high_norm_error": 0.1455,
        "thin_film": 0.138,
        "very_thin_film": 0.08375,
        "low_fringe": 0.3446,
        "ci_misses_thickness": 0.0492,
        "ci_misses_n": 0.2545,
        "ci_misses_k": 0.14235,
        "ci_misses_any": 0.3316,
        "good_spectrum_bad_params": 0.00675
      },
      "nn_risk_summary": {
        "mean": 0.43353667855262756,
        "p90": 0.6616881489753723,
        "p99": 0.8456460237503052,
        "fraction_over_0p7": 0.07385
      },
      "n_refined": 1000,
      "refined_metrics_on_selected": {
        "thickness_nm_mae": 29.802833557128906,
        "thickness_nm_p50_abs": 23.62759017944336,
        "thickness_nm_p90_abs": 71.2094497680664,
        "thickness_nm_p99_abs": 117.82672882080078,
        "thickness_nm_r2": 0.7397782097229979,
        "n_mae": 0.6074250936508179,
        "n_p50_abs": 0.6008118987083435,
        "n_p90_abs": 0.8714927434921265,
        "n_p99_abs": 1.0724929571151733,
        "n_r2": -0.9098652497300785,
        "k_mae": 0.11482448130846024,
        "k_p50_abs": 0.08032462000846863,
        "k_p90_abs": 0.264906108379364,
        "k_p99_abs": 0.3733392059803009,
        "k_r2": -0.04063471578475508,
        "normalized_mae": 0.2795349657535553,
        "overall_r2": -0.07024058526394523
      },
      "refiner_records_summary": {
        "success_rate": 1.0,
        "mean_iterations": 120.0,
        "mean_improvement_pct": 95.35432073677241,
        "worsened_param_rate": 0.696,
        "improved_spectral_rate": 1.0
      }
    },
    {
      "noise_std": 0.005,
      "pipeline_label": "denoiser_nn_guarded_refiner",
      "wall_time_s": 2.546578200001022,
      "nn_time_s": 0.7380476999987877,
      "nn_metrics": {
        "thickness_nm_mae": 6.868564128875732,
        "thickness_nm_p50_abs": 4.371025085449219,
        "thickness_nm_p90_abs": 14.729598045349121,
        "thickness_nm_p99_abs": 43.45879364013672,
        "thickness_nm_r2": 0.9816336604658673,
        "n_mae": 0.10217878222465515,
        "n_p50_abs": 0.04057109355926514,
        "n_p90_abs": 0.2860196828842163,
        "n_p99_abs": 0.6692476272583008,
        "n_r2": 0.7415453200159257,
        "k_mae": 0.025364093482494354,
        "k_p50_abs": 0.014145813882350922,
        "k_p90_abs": 0.06200022250413895,
        "k_p99_abs": 0.15422169864177704,
        "k_r2": 0.920181548781235,
        "normalized_mae": 0.0531872883439064,
        "overall_r2": 0.8811201764210094
      },
      "nn_flag_rates": {
        "bad_thickness": 0.19895,
        "bad_n": 0.3075,
        "bad_k": 0.1464,
        "catastrophic": 0.1421,
        "high_norm_error": 0.1478,
        "thin_film": 0.138,
        "very_thin_film": 0.08375,
        "low_fringe": 0.3446,
        "ci_misses_thickness": 0.05055,
        "ci_misses_n": 0.2557,
        "ci_misses_k": 0.14885,
        "ci_misses_any": 0.3358,
        "good_spectrum_bad_params": 0.0
      },
      "nn_risk_summary": {
        "mean": 0.43407294154167175,
        "p90": 0.6633889079093933,
        "p99": 0.845434308052063,
        "fraction_over_0p7": 0.07485
      },
      "n_refined": 1000,
      "refined_metrics_on_selected": {
        "thickness_nm_mae": 29.73571014404297,
        "thickness_nm_p50_abs": 22.94247055053711,
        "thickness_nm_p90_abs": 71.92512512207031,